Country Name,Country Code,Region,alpha-2,schoolOECD,waste,lnyUN,GINIW,polity
Afghanistan,AFG,SA,AF,6.02,6.23,3.30,5.96,5.05
Albania,ALB,EECA,AL,9.20,6.27,5.64,5.79,9.55
Algeria,DZA,MENA,DZ,6.28,8.37,5.69,4.87,6.40
American Samoa,ASM,EAP,AS,#N/A,#N/A,#N/A,#N/A,#N/A
Andorra,AND,WE,AD,#N/A,#N/A,8.24,#N/A,#N/A
Angola,AGO,SSA,AO,1.41,8.06,5.34,4.33,4.60
Antigua and Barbuda,ATG,LAC,AG,7.94,#N/A,6.88,#N/A,#N/A
Argentina,ARG,LAC,AR,9.09,9.52,6.57,4.30,9.55
Armenia,ARM,EECA,AM,9.20,8.33,5.53,5.42,7.75
Aruba,ABW,LAC,AW,8.01,#N/A,7.59,#N/A,#N/A
Australia,AUS,EAP,AU,10.00,10.00,8.70,5.16,10.00
Austria,AUT,WE,AT,10.00,#N/A,8.38,6.05,10.00
Azerbaijan,AZE,EECA,AZ,8.84,8.77,5.91,5.38,2.35
"Bahamas, The",BHS,LAC,BS,7.84,#N/A,7.64,3.75,#N/A
Bahrain,BHR,MENA,BH,9.29,7.38,7.48,#N/A,1.00
Bangladesh,BGD,SA,BD,7.35,4.33,3.88,3.34,5.95
Barbados,BRB,LAC,BB,9.53,7.30,7.09,3.17,#N/A
Belarus,BLR,EECA,BY,9.58,9.13,5.99,6.05,2.35
Belgium,BEL,WE,BE,10.00,#N/A,8.32,6.19,9.10
Belize,BLZ,LAC,BZ,7.58,9.29,5.57,2.74,#N/A
Benin,BEN,SSA,BJ,5.37,8.22,3.69,3.68,8.65
Bermuda,BMU,NAM,BM,8.17,#N/A,9.06,#N/A,#N/A
Bhutan,BTN,SA,BT,6.54,7.66,5.06,4.77,7.75
Bolivia,BOL,LAC,BO,7.27,9.21,4.90,3.28,8.65
Bosnia and Herzegovina,BIH,EECA,BA,#N/A,9.09,5.82,5.08,5.50
Botswana,BWA,SSA,BW,4.89,7.15,6.21,2.80,9.10
Brazil,BRA,LAC,BR,8.43,9.37,6.64,2.80,9.10
British Virgin Islands,VGB,LAC,VG,#N/A,#N/A,7.80,#N/A,#N/A
Brunei Darussalam,BRN,EAP,BN,8.95,8.85,7.89,#N/A,#N/A
Bulgaria,BGR,EECA,BG,9.27,8.73,6.28,4.62,9.55
Burkina Faso,BFA,SSA,BF,3.41,6.99,3.37,4.87,8.20
Burundi,BDI,SSA,BI,3.65,7.98,2.15,5.15,5.05
Cabo Verde,CPV,SSA,CV,6.75,7.26,5.30,3.14,10.00
Cambodia,KHM,EAP,KH,5.12,6.19,3.94,5.53,3.70
Cameroon,CMR,SSA,CM,5.17,7.94,4.32,3.23,3.70
Canada,CAN,NAM,CA,10.00,#N/A,8.43,5.41,10.00
Cayman Islands,CYM,LAC,KY,#N/A,#N/A,8.64,#N/A,#N/A
Central African Republic,CAF,SSA,CF,2.02,7.07,2.54,1.82,8.20
Chad,TCD,SSA,TD,1.73,4.85,3.58,3.70,4.60
Chile,CHL,LAC,CL,10.00,9.88,7.02,2.60,10.00
China,CHN,EAP,CN,#N/A,9.25,6.09,10.00,2.35
Colombia,COL,LAC,CO,7.92,9.64,6.21,2.57,8.65
Comoros,COM,SSA,KM,4.73,5.60,4.46,1.87,9.55
"Congo, Dem. Rep.",COD,SSA,CD,1.67,6.79,2.80,3.88,4.15
"Congo, Rep.",COG,SSA,CG,3.70,6.75,5.08,2.88,3.70
Costa Rica,CRI,LAC,CR,8.14,9.60,6.51,3.22,10.00
Cote d'Ivoire,CIV,SSA,CI,4.37,7.62,4.38,3.50,7.30
Croatia,HRV,EECA,HR,9.83,#N/A,6.98,5.55,9.55
Cuba,CUB,LAC,CU,9.64,9.05,6.02,6.07,2.35
Cyprus,CYP,WE,CY,9.58,#N/A,7.77,5.11,10.00
Czech Republic,CZE,EECA,CZ,10.00,8.18,7.46,6.37,9.55
Denmark,DNK,WE,DK,10.00,#N/A,8.66,6.02,10.00
Djibouti,DJI,MENA,DJ,4.34,1.48,4.37,3.58,6.85
Dominica,DMA,LAC,DM,8.61,#N/A,6.11,#N/A,#N/A
Dominican Republic,DOM,LAC,DO,6.83,9.05,6.10,3.86,8.65
Ecuador,ECU,LAC,EC,9.15,9.37,5.78,3.75,7.75
"Egypt, Arab Rep.",EGY,MENA,EG,8.85,6.23,5.01,2.54,3.70
El Salvador,SLV,LAC,SV,6.88,9.17,5.42,4.21,9.10
Equatorial Guinea,GNQ,SSA,GQ,2.49,8.77,6.79,#N/A,2.80
Eritrea,ERI,SSA,ER,2.85,3.93,3.22,#N/A,2.35
Estonia,EST,EECA,EE,10.00,#N/A,7.24,4.94,9.55
Eswatini,SWZ,SSA,SZ,3.29,9.21,5.50,2.52,1.45
Ethiopia,ETH,SSA,ET,4.06,6.07,2.94,5.57,4.15
Faroe Islands,FRO,WE,FO,#N/A,#N/A,#N/A,#N/A,#N/A
Fiji,FJI,EAP,FJ,8.94,7.50,5.53,3.78,6.40
Finland,FIN,WE,FI,10.00,#N/A,8.33,6.34,10.00
France,FRA,WE,FR,10.00,#N/A,8.22,5.75,9.55
French Polynesia,PYF,EAP,PF,#N/A,#N/A,7.46,#N/A,#N/A
Gabon,GAB,SSA,GA,#N/A,8.65,6.39,3.87,6.85
"Gambia, The",GMB,SSA,GM,5.50,5.60,3.12,3.12,7.30
Georgia,GEO,EECA,GE,9.48,9.37,5.43,4.17,8.65
Germany,DEU,WE,DE,10.00,9.60,8.34,5.62,10.00
Ghana,GHA,SSA,GH,5.43,8.14,4.48,10.00,9.10
Gibraltar,GIB,WE,GI,#N/A,#N/A,#N/A,#N/A,#N/A
Greece,GRC,WE,GR,10.00,#N/A,7.46,5.03,10.00
Greenland,GRL,WE,GL,#N/A,#N/A,8.20,#N/A,#N/A
Grenada,GRD,LAC,GD,8.95,#N/A,6.36,#N/A,#N/A
Guam,GUM,EAP,GU,#N/A,#N/A,#N/A,#N/A,#N/A
Guatemala,GTM,LAC,GT,5.26,9.72,5.18,3.30,9.10
Guinea,GIN,SSA,GN,3.99,6.79,3.50,5.10,7.30
Guinea-Bissau,GNB,SSA,GW,1.43,7.62,3.19,2.63,8.20
Guyana,GUY,LAC,GY,9.29,7.46,5.40,4.91,8.65
Haiti,HTI,LAC,HT,#N/A,7.94,3.50,1.16,7.75
Honduras,HND,LAC,HN,4.79,9.44,4.74,2.96,7.75
"Hong Kong SAR, China",HKG,EAP,HK,9.42,#N/A,8.07,2.42,#N/A
Hungary,HUN,EECA,HU,10.00,#N/A,7.03,5.90,10.00
Iceland,ISL,WE,IS,10.00,#N/A,8.41,6.57,#N/A
India,IND,SA,IN,7.70,1.67,4.58,10.00,9.55
Indonesia,IDN,EAP,ID,8.14,4.65,5.47,5.36,9.55
"Iran, Islamic Rep.",IRN,MENA,IR,9.17,8.41,6.09,4.57,2.35
Iraq,IRQ,MENA,IQ,4.65,7.07,5.89,5.51,8.20
Ireland,IRL,WE,IE,10.00,#N/A,8.83,5.52,10.00
Isle of Man,IMN,WE,IM,#N/A,#N/A,#N/A,#N/A,#N/A
Israel,ISR,MENA,IL,10.00,#N/A,8.02,4.58,8.20
Italy,ITA,WE,IT,10.00,#N/A,8.01,5.29,10.00
Jamaica,JAM,LAC,JM,7.41,8.57,5.69,3.39,9.55
Japan,JPN,EAP,JP,10.00,9.09,8.36,10.00,10.00
Jordan,JOR,MENA,JO,7.43,9.05,5.23,4.53,4.15
Kazakhstan,KAZ,EECA,KZ,9.95,8.77,6.61,6.17,2.80
Kenya,KEN,SSA,KE,3.84,8.41,4.01,4.47,9.55
Kiribati,KIR,EAP,KI,8.98,5.00,4.46,4.53,#N/A
"Korea, Dem. People’s Rep.",PRK,EAP,KP,9.52,8.41,3.24,#N/A,1.00
"Korea, Rep.",KOR,EAP,KR,10.00,9.52,7.65,5.54,9.10
Kuwait,KWT,MENA,KW,9.13,8.77,8.02,#N/A,2.35
Kyrgyz Republic,KGZ,EECA,KG,9.78,8.89,3.92,6.10,9.10
Lao PDR,LAO,EAP,LA,6.13,7.46,4.46,4.49,2.35
Latvia,LVA,EECA,LV,9.38,#N/A,6.99,4.85,9.10
Lebanon,LBN,MENA,LB,6.75,7.38,6.14,4.62,8.20
Lesotho,LSO,SSA,LS,3.73,8.89,4.24,2.12,9.10
Liberia,LBR,SSA,LR,1.54,7.78,2.79,4.70,8.20
Libya,LBY,MENA,LY,6.46,7.42,5.44,#N/A,5.50
Liechtenstein,LIE,WE,LI,9.38,#N/A,9.78,#N/A,#N/A
Lithuania,LTU,EECA,LT,9.70,#N/A,7.08,4.49,10.00
Luxembourg,LUX,WE,LU,10.00,#N/A,9.35,5.86,10.00
"Macao SAR, China",MAC,EAP,MO,8.52,#N/A,8.48,#N/A,#N/A
"Macedonia, FYR",MKD,EECA,MK,9.59,9.29,5.79,4.88,9.55
Madagascar,MDG,SSA,MG,3.32,3.97,3.01,3.80,8.20
Malawi,MWI,SSA,MW,3.63,8.93,3.00,4.55,8.20
Malaysia,MYS,EAP,MY,8.83,5.44,6.66,4.17,7.75
Maldives,MDV,SA,MV,5.01,5.96,6.34,4.77,#N/A
Mali,MLI,SSA,ML,4.20,4.65,3.80,5.20,7.75
Malta,MLT,MENA,MT,9.73,#N/A,7.71,5.91,#N/A
Marshall Islands,MHL,EAP,MH,6.59,#N/A,5.30,#N/A,#N/A
Mauritania,MRT,SSA,MR,2.86,4.13,4.17,5.29,4.60
Mauritius,MUS,SSA,MU,8.58,3.78,6.53,4.79,10.00
Mexico,MEX,LAC,MX,8.88,9.60,6.53,3.22,9.10
"Micronesia, Fed. Sts.",FSM,EAP,FM,6.61,#N/A,5.07,3.83,#N/A
Moldova,MDA,EECA,MD,8.55,9.25,4.54,6.10,9.55
Monaco,MCO,WE,MC,#N/A,#N/A,10.00,#N/A,#N/A
Mongolia,MNG,EAP,MN,9.43,9.60,5.44,5.34,10.00
Montenegro,MNE,EECA,ME,9.60,8.89,6.20,5.36,9.55
Morocco,MAR,MENA,MA,6.03,9.09,5.28,5.20,3.70
Mozambique,MOZ,SSA,MZ,2.45,7.58,3.08,4.66,7.75
Myanmar,MMR,EAP,MM,6.41,7.22,4.04,10.00,9.10
Namibia,NAM,SSA,NA,5.54,7.19,5.96,1.32,8.20
Nauru,NRU,EAP,NR,8.14,9.60,7.08,#N/A,#N/A
Nepal,NPL,SA,NP,5.84,6.15,3.43,5.23,8.20
Netherlands,NLD,WE,NL,10.00,#N/A,8.48,6.16,10.00
New Caledonia,NCL,EAP,NC,#N/A,#N/A,8.19,#N/A,#N/A
New Zealand,NZL,EAP,NZ,10.00,#N/A,8.08,5.20,10.00
Nicaragua,NIC,LAC,NI,4.91,9.13,4.63,3.41,8.20
Niger,NER,SSA,NE,3.02,5.92,2.75,5.06,7.75
Nigeria,NGA,SSA,NG,#N/A,5.72,4.90,3.70,8.65
Northern Mariana Islands,MNP,EAP,MP,#N/A,#N/A,#N/A,#N/A,#N/A
Norway,NOR,WE,NO,10.00,#N/A,9.12,6.53,10.00
Oman,OMN,MENA,OM,9.44,7.03,7.15,#N/A,1.90
Pakistan,PAK,SA,PK,5.90,5.84,4.03,5.54,8.65
Palau,PLW,EAP,PW,6.19,#N/A,6.65,#N/A,#N/A
Panama,PAN,LAC,PA,7.61,9.52,6.66,2.98,9.55
Papua New Guinea,PNG,EAP,PG,#N/A,4.33,4.83,3.62,7.75
Paraguay,PRY,LAC,PY,6.99,9.60,5.45,2.73,9.55
Peru,PER,LAC,PE,8.38,9.60,5.97,3.86,9.55
Philippines,PHL,EAP,PH,6.63,7.19,5.04,3.74,9.10
Poland,POL,EECA,PL,10.00,#N/A,7.02,5.55,10.00
Portugal,PRT,WE,PT,10.00,#N/A,7.49,5.06,10.00
Puerto Rico,PRI,LAC,PR,7.87,#N/A,7.63,1.89,#N/A
Qatar,QAT,MENA,QA,8.80,9.17,8.74,4.13,1.00
Romania,ROU,EECA,RO,8.85,8.61,6.55,4.56,9.55
Russian Federation,RUS,EECA,RU,8.67,#N/A,6.69,5.10,7.30
Rwanda,RWA,SSA,RW,2.94,9.13,3.50,2.67,4.15
Samoa,WSM,EAP,WS,7.25,8.53,5.45,3.79,#N/A
San Marino,SMR,WE,SM,#N/A,#N/A,8.49,#N/A,#N/A
Sao Tome and Principe,STP,SSA,ST,5.79,8.41,4.10,5.52,#N/A
Saudi Arabia,SAU,MENA,SA,7.57,5.32,7.43,#N/A,1.00
Senegal,SEN,SSA,SN,2.86,7.15,3.96,4.50,8.65
Serbia,SRB,EECA,RS,9.83,8.45,5.92,4.45,9.10
Seychelles,SYC,SSA,SC,9.29,8.30,6.88,3.19,#N/A
Sierra Leone,SLE,SSA,SL,3.41,6.27,2.93,5.06,8.65
Singapore,SGP,EAP,SG,9.86,8.57,8.48,10.00,4.60
Slovak Republic,SVK,EECA,SK,10.00,#N/A,7.31,6.55,10.00
Slovenia,SVN,EECA,SI,10.00,#N/A,7.59,6.44,10.00
Solomon Islands,SLB,EAP,SB,2.26,6.87,4.29,3.30,9.10
Somalia,SOM,SSA,SO,#N/A,4.05,1.00,4.23,7.75
South Africa,ZAF,SSA,ZA,7.20,9.01,6.21,1.16,9.55
South Sudan,SSD,SSA,SS,1.00,1.00,3.89,3.26,5.50
Spain,ESP,WE,ES,10.00,#N/A,7.89,4.97,10.00
Sri Lanka,LKA,SA,LK,9.35,4.01,5.42,3.17,8.20
St. Kitts and Nevis,KNA,LAC,KN,9.43,#N/A,7.07,#N/A,#N/A
St. Lucia,LCA,LAC,LC,8.35,8.53,6.15,3.81,#N/A
St. Martin (French part),MAF,LAC,MF,#N/A,#N/A,#N/A,#N/A,#N/A
St. Vincent and the Grenadines,VCT,LAC,VC,9.45,#N/A,6.07,#N/A,#N/A
Sudan,SDN,SSA,SD,3.37,3.54,4.38,4.85,4.60
Suriname,SUR,LAC,SR,6.04,8.02,6.30,1.00,7.75
Sweden,SWE,WE,SE,10.00,#N/A,8.58,6.34,10.00
Switzerland,CHE,WE,CH,10.00,#N/A,8.93,5.71,10.00
Syrian Arab Republic,SYR,MENA,SY,5.70,5.44,4.44,5.35,1.45
Tajikistan,TJK,EECA,TJ,9.38,6.07,3.76,5.53,4.15
Tanzania,TZA,SSA,TZ,#N/A,8.22,#N/A,4.51,6.85
Thailand,THA,EAP,TH,7.85,7.86,5.94,4.50,4.15
Timor-Leste,TLS,EAP,TL,5.34,5.64,5.17,5.41,9.10
Togo,TGO,SSA,TG,3.94,7.34,3.33,3.31,4.60
Tonga,TON,EAP,TO,8.85,7.94,5.43,4.46,#N/A
Trinidad and Tobago,TTO,LAC,TT,7.75,7.50,7.11,2.53,10.00
Tunisia,TUN,MENA,TN,3.61,8.89,5.53,4.79,8.65
Turkey,TUR,WE,TR,8.99,9.33,6.95,3.88,3.70
Turkmenistan,TKM,EECA,TM,#N/A,8.33,6.13,6.15,1.90
Turks and Caicos Islands,TCA,LAC,TC,#N/A,#N/A,7.53,#N/A,#N/A
Tuvalu,TUV,EAP,TV,9.30,8.69,5.33,4.02,#N/A
Uganda,UGA,SSA,UG,2.67,8.57,3.29,4.04,5.05
Ukraine,UKR,EECA,UA,9.17,6.75,5.05,6.50,7.30
United Arab Emirates,ARE,MENA,AE,9.32,#N/A,8.19,#N/A,1.90
United Kingdom,GBR,WE,GB,10.00,#N/A,8.22,5.29,10.00
United States,USA,NAM,US,10.00,9.80,8.49,3.25,9.10
Uruguay,URY,LAC,UY,8.56,9.48,6.94,4.29,10.00
Uzbekistan,UZB,EECA,UZ,9.59,8.22,4.64,4.23,1.45
Vanuatu,VUT,EAP,VU,5.17,8.26,5.12,4.59,#N/A
"Venezuela, RB",VEN,LAC,VE,7.62,8.37,6.60,4.08,4.15
Vietnam,VNM,EAP,VN,7.83,7.46,4.50,4.53,2.35
Virgin Islands (U.S.),VIR,LAC,VI,#N/A,#N/A,#N/A,#N/A,#N/A
West Bank and Gaza,PSE,MENA,PS,8.93,9.52,4.90,#N/A,#N/A
"Yemen, Rep.",YEM,MENA,YE,5.57,3.54,3.08,4.52,5.50
Zambia,ZMB,SSA,ZM,#N/A,7.50,4.42,1.91,8.20
Zimbabwe,ZWE,SSA,ZW,4.38,8.73,3.74,3.73,7.30
East Asia and Pacific,EAP,,,7.875616897,7.659268045,6.054943043,5.28151485,6.8725
EECA,EECA,,,9.516821274,8.389056341,6.110990268,5.438258712,7.669642857
LAC,LAC,,,7.952325792,8.998531571,6.315284648,3.305626427,8.51875
MENA,MENA,,,7.478741376,7.198237885,6.184263786,4.621497808,4.315789474
NAM,NAM,,,9.389390435,9.801762115,8.659029807,4.329563813,9.55
SA,SA,,,6.714523877,5.232378855,4.505145772,5.344971729,7.621428571
SSA,SSA,,,3.895865075,6.900055066,4.089032171,3.896884877,6.85
WE,WE,,,9.902510595,9.464757709,8.417832622,5.663570275,9.597368421
World,World,,,7.357514994,7.603051178,5.938601619,4.590183682,7.324545455